ID,default,Age,Income,Exp_Inc,Avgexp,Ownrent,Selfempl,Depndt,Inc_per,Cur_add,Major,Active
812,0,22.5,2.535,0.1013325,214.065,1,0,2,0.845,23,1,9
515,0,29.33333,2.3,0.04004043,76.24416,0,0,2,0.7666667,24,0,5
874,0,21.66667,1.56,0.0007692308,0,0,0,0,1.56,12,1,2
797,0,36,3,0.121849,304.6225,0,0,1,1.5,180,1,5
963,1,36.16667,7.8,0.01210897,78.54166,1,0,1,3.9,24,1,18
770,0,20.08333,1.74,0.1919466,277.9892,0,0,0,1.74,8,1,11
1285,1,37.08333,5.49,0.160214,732.9792,1,0,1,2.745,60,1,19
783,0,31.91667,4.4,0.04042523,148.0592,1,0,2,1.466667,72,1,8
202,0,24.5,2.304,0.3747426,719.5059,0,0,0,2.304,76,1,2
712,0,42,6.3,0.04065079,213,1,0,4,1.26,72,1,20
272,0,46,1.8,0.0335,49.41667,0,0,1,0.9,168,1,2
633,0,24.5,2.8,0.05955571,138.7133,0,0,0,2.8,5,1,0
584,0,47.5,2.6611,0.09956446,220.7925,1,0,0,2.6611,269,1,8
466,0,27.83333,3.54,0.006866666,19.59,0,0,2,1.18,3,1,0
931,0,43.91667,2.8,0.04662429,108.6233,1,0,0,2.8,147,1,1
605,0,26.25,5,0.1082892,451.205,1,0,0,5,5,1,16
265,0,30.58333,3.5,0.03930543,114.5575,0,0,5,0.5833334,57,1,9
333,0,30.25,2.15,0.03192233,56.69417,0,0,0,2.15,12,1,4
340,0,32,2.28,0.06735965,127.9833,1,0,0,2.28,48,0,15
1144,0,30.75,2.4585,0.1503596,308.0492,1,0,2,0.8195,53,1,16
936,0,20.5,2,0.038431,63.55167,0,0,0,2,111,1,6
1169,0,29.75,3,0.046713,116.4492,1,0,1,1.5,12,1,8
779,0,30,3.5,0.3527866,1028.961,1,0,0,3.5,6,0,2
968,0,32.16667,9.7867,0.06705059,546.5033,1,0,2,3.262233,64,1,5
476,0,23.83333,4.8,0.0801425,320.4867,0,1,0,4.8,42,1,2
454,1,23.66667,1.95,0.03098154,50.17833,0,0,0,1.95,3,1,4
610,0,26,5.3,0.05482528,242.145,1,0,1,2.65,24,1,20
596,1,35.33333,6.888,0.01023621,58.50583,1,0,0,6.888,5,1,18
1281,0,40.66667,5.05,0.02842812,119.3017,1,0,0,5.05,128,1,10
1025,0,25,1.8804,0.00297809,3.75,0,0,0,1.8804,4,1,5
676,0,25.08333,3.52,0.02107955,61.16667,0,0,0,3.52,15,1,3
848,0,39.75,2.45,0.0714951,145.7192,1,0,3,0.6125,38,1,8
1045,1,29.16667,2.2,0.03820546,69.79333,0,0,0,2.2,49,1,7
341,0,19.41667,1.8,0.08415,125.8917,0,0,0,1.8,3,1,0
1183,0,33.16667,5.6,0.08529589,398.0475,1,0,4,1.12,84,1,4
288,0,28.5,3,0.07104634,177.6158,1,0,0,3,20,1,0
1024,0,24.66667,3.4,0.05114029,144.3975,0,0,0,3.4,12,1,8
1149,0,32.5,3.7,0.003456757,9.741667,0,0,0,3.7,86,1,8
616,0,40.75,7,0.06458829,376.765,0,0,3,1.75,6,1,2
652,0,21.83333,2.08,0.1174231,203.3667,0,0,0,2.08,5,1,0
746,1,24.16667,3.25,0.1285348,347.9483,0,0,0,3.25,12,0,5
1010,0,32.58333,1.8142,0.05414067,81.435,1,0,0,1.8142,9,1,22
321,0,61.58333,3.75,0.00032,0,1,0,0,3.75,288,1,5
1278,0,25.08333,2.65,0.009650944,20.47917,0,0,0,2.65,12,1,9
150,0,32.16667,3,0.1178903,294.5592,1,0,2,1,9,1,0
1052,1,35,9.9999,0.1101059,917.54,1,0,0,9.9999,72,1,29
577,0,25.33333,3.48,0.05121034,148.26,1,0,0,3.48,14,1,5
1103,0,26.41667,3.5,0.1319654,384.8992,0,0,2,1.166667,12,1,0
1262,0,24.83333,1.51,0.205298,258.1667,1,0,0,1.51,30,1,2
1224,0,41,6.825,0.1168532,664.6025,0,0,2,2.275,12,1,0
477,0,23.33333,2.585,0.02505764,53.645,0,0,0,2.585,8,1,1
278,0,28.66667,2.95,0.09361254,229.7975,0,0,0,2.95,26,1,4
42,0,35.25,6,0.4582348,2291.174,0,0,2,2,10,1,0
177,0,40.75,2.15,0.1270335,227.6017,0,0,1,1.075,67,0,16
198,0,47.33333,2.7495,0.2148416,492.2558,0,0,0,2.7495,156,0,11
736,0,19.58333,1.65,0.07904787,108.6075,0,0,0,1.65,37,1,8
137,0,32.66667,3.7,0.004068919,11.7125,1,0,2,1.233333,30,1,15
1182,0,51.25,5.3,0.04344189,191.7017,0,0,1,2.65,108,1,2
1240,0,32,2.6,0.002961538,5.583333,0,0,0,2.6,84,1,21
262,0,27.83333,3.04,0.03792664,95.9975,0,0,0,3.04,13,1,0
431,0,24.75,1.875,0.08070774,126.0225,0,0,1,0.9375,14,0,1
939,0,29.33333,2.4,0.02494458,49.55583,0,0,0,2.4,30,1,4
1113,0,32.16667,2,0.023269,38.365,0,0,2,0.6666666,24,1,4
532,0,20.33333,1.6752,0.1757384,245.3308,0,0,0,1.6752,10,1,0
655,0,38.16667,4.0188,0.1649273,552.3417,0,0,3,1.0047,102,0,3
347,1,25.41667,3.6,0.07804389,234.0483,0,0,2,1.2,12,1,4
732,0,33.33333,2.1,0.1308376,228.9658,0,0,0,2.1,6,0,0
718,0,28.41667,2.5,0.193378,402.7875,1,0,0,2.5,18,1,7
1177,0,24.41667,2.8,0.0146375,33.57083,0,0,0,2.8,60,1,11
448,0,53,2.45,0.01771837,35.675,1,0,0,2.45,3,1,11
787,0,27.25,3.18,0.09087579,240.8208,0,0,2,1.06,12,0,0
895,1,37.33333,3.9,0.0916836,297.9717,0,0,0,3.9,51,1,4
810,0,19.83333,3,0.0004,0,0,0,0,3,49,1,3
1141,0,46.33333,1.6,0.04630688,61.7425,0,0,0,1.6,162,1,11
572,0,44.58333,3.1,0.1251213,323.0633,1,0,0,3.1,75,1,5
785,0,34.75,7,0.05023986,293.0658,1,0,3,1.75,3,1,0
417,0,46.25,5.4,0.05977204,268.7242,1,0,4,1.08,204,1,7
109,0,31.33333,3,0.020658,51.645,1,0,2,1,44,0,12
168,0,21.91667,2.3,0.07491956,143.4292,1,0,2,0.7666667,24,1,10
364,0,22,3.3,0.03947758,108.3967,0,0,0,3.3,6,1,8
353,0,41.91667,3,0.095609,238.8558,1,0,3,0.75,120,0,0
374,0,21.5,1.53,0.03650327,46.29167,1,0,0,1.53,22,1,11
247,1,35.75,4,0.05119225,170.6408,0,0,2,1.333333,18,1,22
1098,0,24.91667,2.9,0.0005086207,0.3125,1,0,0,2.9,60,1,8
966,0,38.33333,5,0.0572476,238.365,1,0,3,1.25,9,1,0
10,1,29.41667,2.1,0.07229714,126.1033,1,0,3,0.525,90,0,5
625,0,35.58333,3.5606,0.1090841,323.5875,0,0,0,3.5606,12,1,0
225,0,45.16667,3.5,0.13624,397.0333,1,0,0,3.5,234,0,2
377,0,39.08333,5.1,0.04952431,210.2283,1,0,3,1.275,60,0,22
1067,0,40.08333,4.3,0.03419023,122.515,0,0,0,4.3,108,1,4
630,0,45,4.03,0.04091464,137.0717,0,0,0,4.03,72,1,2
354,0,45.25,3.7,0.1384322,426.8325,0,0,0,3.7,24,1,2
898,0,47.41667,3.6,0.03811111,113.75,1,1,2,1.2,120,1,12
900,1,29.16667,2.58,0.1680209,361.1617,0,0,0,2.58,6,1,12
524,1,38.25,3.2,0.04545781,121.2208,1,0,1,1.6,84,0,12
748,0,22.41667,3.9946,0.07619161,253.6292,0,0,0,3.9946,268,1,2
388,0,25.08333,1.6949,0.02467697,34.52083,0,0,0,1.6949,3,0,16
486,0,40.16667,2.45,0.07000694,142.5142,0,0,0,2.45,180,1,0
745,0,42.75,4.56,0.04965899,188.6208,0,0,0,4.56,144,1,11
339,0,40.33333,9.9999,0.01560016,129.3333,1,0,4,1.99998,72,1,21
336,0,28.66667,4.22,0.08559075,300.9942,1,0,1,2.11,22,1,3
619,0,35,4.1125,0.02962699,101.2008,1,0,1,2.05625,37,1,23
8,0,20.25,2,0.204897,341.245,0,0,0,2,24,1,7
884,0,24.33333,2.4,0.1813192,362.6383,0,0,0,2.4,16,1,0
33,0,32,2.4,0.0005,0,0,0,1,1.2,11,1,8
1036,0,40.91667,9.9999,0.07620686,635.0508,1,0,3,2.499975,120,1,17
1157,0,46.33333,3.05,0.003491803,8.125,1,0,0,3.05,96,0,4
965,1,28.25,2.3,0.03489609,66.30083,1,0,1,1.15,24,1,14
232,0,23.41667,2.7456,0.002403846,4.583333,0,0,0,2.7456,7,1,9
387,0,49.16667,5.2,0.01664154,71.53,1,0,1,2.6,15,1,6
1116,0,50.91667,1.75,0.2131486,310.8417,0,0,0,1.75,36,1,1
672,0,21.83333,1.68,0.1119048,156.5833,0,0,0,1.68,18,0,2
913,1,54.66667,7.29,0.1065361,647.2067,1,0,2,2.43,78,1,9
574,0,21.41667,1.5896,0.2052491,271.5533,0,0,0,1.5896,180,1,16
260,0,28.16667,2.8,0.096285,224.5817,0,0,0,2.8,5,0,1
899,0,35.25,3.7,0.1221516,376.6342,1,0,1,1.85,12,1,0
97,0,43.66667,10.0393,0.02186308,182.825,1,0,1,5.01965,12,1,18
1189,0,22.91667,1.92,0.02146354,34.09167,1,0,2,0.64,12,1,21
277,0,23.41667,2.04,0.1200515,204.0875,1,0,0,2.04,7,1,12
838,0,34.16667,2.37,0.05412025,106.7208,1,0,0,2.37,38,1,13
80,0,25.58333,2.8,0.3252597,758.9391,0,0,0,2.8,2,1,7
439,0,21.91667,2.6875,0.07412688,165.93,0,0,3,0.671875,85,1,12
268,0,65.91666,2.95,0.04856136,118.7133,1,0,1,1.475,230,1,19
156,0,26.91667,1.9,0.02667368,41.81667,0,0,0,1.9,18,1,9
1032,0,22.5,1.8,0.1196106,178.9158,0,0,0,1.8,6,0,2
1134,0,22.16667,3,0.05111367,127.5342,0,0,0,3,120,1,11
1233,0,39.91667,2.25,0.05117067,95.52834,1,0,0,2.25,240,1,7
695,0,23.83333,1.56,0.3860019,501.8025,0,0,0,1.56,33,0,1
50,1,44.5,4,0.01795825,59.19417,1,0,0,4,36,1,13
715,0,27.25,3.5,0.06670286,194.4667,0,0,0,3.5,6,1,0
593,0,25.91667,2.4,0.1078696,215.7392,0,0,0,2.4,150,1,18
442,1,53.58333,9.9999,0.0998702,832.2433,1,0,3,2.499975,120,1,3
1138,0,21.75,3.5,0.090862,265.0142,0,0,2,1.166667,42,1,9
254,0,36,3.7,0.03311243,101.7633,1,0,2,1.233333,6,0,18
485,0,33.83333,2.9,0.1951083,471.345,1,0,2,0.9666667,147,1,8
307,0,31.25,5.6965,0.008123409,38.0625,1,1,2,1.898833,84,0,26
692,0,39.75,2.42,0.01701942,34.15583,1,0,1,1.21,49,1,25
658,0,54.08333,4,0.01336725,43.97417,1,0,1,2,188,1,13
1188,0,45.75,5,0.001525,5.520833,1,0,0,5,144,1,14
546,0,48.25,5,0.0219424,91.17667,0,0,3,1.25,7,1,0
1038,0,44.5,2.95,0.2008407,493.7333,0,0,0,2.95,180,1,13
1136,0,22,1.75,0.6214691,906.3092,0,0,0,1.75,2,1,0
792,0,24.91667,2.938,0.02812798,68.53333,0,0,0,2.938,14,1,0
1126,0,29.58333,2.86,0.2015343,480.3233,0,0,0,2.86,47,1,1
145,0,23.83333,3.3,0.06044576,166.0592,0,0,0,3.3,2,1,5
22,0,29,2.5,0.5263956,1096.657,0,0,0,2.5,12,1,14
798,0,33.08333,3.26,0.05273589,143.0158,0,0,0,3.26,37,1,18
1110,0,36.25,2.52,0.06781389,142.2425,0,0,2,0.84,53,0,3
373,0,32.91667,2.72,0.1776717,402.7225,0,0,1,1.36,6,1,8
291,0,19.66667,2.2348,0.04474897,82.92084,0,0,0,2.2348,133,0,5
104,0,38.5,2.6,0.3961604,858.3475,0,0,0,2.6,33,1,16
634,0,58.08333,4.4,0.02659568,97.18417,1,1,1,2.2,132,1,12
1,0,27.08333,2.4,0.01679833,33.01333,0,0,0,2.4,56,1,1
552,0,23,3.625,0.03514566,106.1692,0,0,1,1.8125,51,0,6
912,0,40.33333,2.5,0.0509016,105.9617,0,0,1,1.25,24,1,2
950,1,55.33333,3.7,0.05220054,160.4517,1,0,1,1.85,300,1,4
508,0,32,2.5,0.0544468,113.1808,0,0,0,2.5,8,1,5
429,0,29.25,4.467,0.1139494,424.1767,1,1,0,4.467,63,1,5
41,0,35.58333,2,0.192044,319.49,0,0,0,2,156,1,4
756,0,54.41667,1.5,0.01661133,20.18083,0,0,0,1.5,24,0,1
663,0,31,5.112,0.02974648,126.3867,1,0,2,1.704,16,1,19
735,0,22,4,0.0480585,160.0283,1,0,0,4,27,1,4
917,0,30.16667,2.8,0.1643857,383.5667,0,0,0,2.8,12,1,6
761,0,49.16667,1.7,0.0007058823,0,0,0,1,0.85,14,0,6
1231,0,28.08333,5.47,0.02919232,133.0683,1,0,3,1.3675,18,1,0
1086,0,25.08333,3.12,0.04245641,110.3033,0,0,2,1.04,3,1,6
443,0,48.91667,3,0.09670267,241.4233,1,0,2,1,120,0,3
1235,0,25.08333,1.5,0.0128,15.41667,0,0,1,0.75,12,1,7
886,0,32.41667,2.75,0.3767844,862.9642,1,0,2,0.9166667,27,1,9
535,0,40.08333,2.2224,0.3980818,737.0808,1,0,2,0.7408,10,1,14
316,0,24.25,4,0.1076917,358.9725,0,0,0,4,7,1,10
591,0,43.5,1.7472,0.07401385,107.7642,1,0,0,1.7472,18,0,2
1254,0,45.58333,2.4,0.01216667,23.58333,1,0,2,0.8,122,1,11
169,1,39.08333,3.4224,0.02909975,82.65916,1,0,0,3.4224,41,1,12
686,0,43.08333,7.8,0.006685513,43.03917,1,0,0,7.8,60,0,2
586,1,25.08333,3,0.038453,95.79916,0,0,0,3,8,0,4
970,1,33.91667,2,0.9063205,1510.534,0,0,0,2,12,1,5
1175,0,22.41667,2,0.115791,192.8183,0,0,0,2,8,1,8
1162,0,45.91667,4,0.03421425,113.6308,1,0,2,1.333333,24,0,16
133,0,27.75,2.65,0.07259849,159.655,0,0,0,2.65,8,1,0
1120,0,30.83333,2.98,0.04374329,108.2958,0,0,3,0.745,36,1,9
270,0,22.75,1.82,0.5418599,821.8208,0,0,0,1.82,93,1,2
986,1,40.16667,2,0.2548275,424.6292,1,0,1,1,121,1,10
536,0,37.33333,7,0.03023229,176.2717,1,0,2,2.333333,14,1,17
623,0,30.66667,4,0.09011575,299.8858,1,0,1,2,37,0,6
298,0,25.91667,3,0.061896,154.74,1,0,0,3,40,1,16
464,0,20.5,1.6,0.08383188,111.6925,0,0,0,1.6,3,1,0
549,0,41.5,5.1,0.03296432,140.015,0,0,1,2.55,63,1,4
319,0,24.58333,1.5,0.01972267,24.07,0,0,0,1.5,28,1,5
984,0,27.66667,2.6,0.07505192,162.4458,0,0,2,0.8666667,60,1,6
650,0,28.33333,6.2,0.06892936,355.9683,1,0,0,6.2,18,1,9
703,0,29.41667,4.1,0.04264756,145.3792,0,0,0,4.1,13,1,0
244,0,46.16667,2.58,0.07673334,164.6433,1,0,2,0.86,120,0,15
1194,0,39.66667,5.1,0.05751137,244.4233,1,0,3,1.275,132,1,15
446,0,23.16667,3.92,0.2269911,741.5042,0,0,0,3.92,16,1,0
96,0,36.75,3,0.032497,80.82584,1,0,3,0.75,134,0,4
328,0,24.66667,2.0676,0.2071184,356.7817,0,0,0,2.0676,4,1,17
651,0,30.66667,3.8,0.03251895,102.9767,0,0,0,3.8,26,0,1
112,0,26,2.2,0.06259273,114.2533,0,0,1,1.1,28,1,10
885,0,26.75,5.77,0.07547747,362.7542,1,0,1,2.885,13,1,11
117,0,31.41667,3.56,0.03320618,98.345,0,0,0,3.56,72,1,9
517,0,34.33333,4.8,0.4745083,1898.033,0,0,3,1.2,12,1,1
1192,0,47.33333,10.4,0.2309477,2001.547,1,0,2,3.466667,9,0,0
997,0,24.5,2.1,0.3213481,562.3592,0,0,0,2.1,28,1,5
1062,0,30.83333,3,0.062629,156.5725,1,0,2,1,72,1,8
772,0,23.83333,2.35,0.06976553,136.0408,0,0,0,2.35,25,1,9
1201,0,40.33333,2,0.0723855,120.5592,0,0,0,2,24,1,4
76,0,42.75,3.2,0.1080344,287.7583,1,0,0,3.2,68,1,9
449,0,25.75,2.4,0.02071958,41.18917,0,0,0,2.4,34,1,2
747,0,35.91667,2.62,0.2154031,470.2967,1,0,1,1.31,6,0,9
460,0,49.58333,1.75,0.01074229,15.3325,1,0,1,0.875,38,1,3
1171,0,24.83333,4,0.00165,4.583333,0,1,2,1.333333,48,1,4
918,0,24.83333,2.4,0.26509,530.18,0,0,1,1.2,24,1,13
332,0,44.58333,4.2,0.03867167,135.1842,1,0,2,1.4,150,0,2
1053,0,23.25,1.8,0.03098167,46.05584,0,0,1,0.9,4,0,0
99,0,38.25,2.3,0.0676087,129.4167,1,0,0,2.3,3,1,3
548,0,27.58333,4,0.01495,49.25,1,1,3,1,40,1,13
36,0,32.83333,3.7,0.008998919,26.99667,0,1,0,3.7,60,1,7
264,0,26.08333,1.56,0.06123782,79.60917,0,0,2,0.52,13,1,13
961,0,33.75,5,0.0501734,209.0558,1,0,3,1.25,10,1,10
696,0,30.16667,3.1,0.1816442,469.2475,1,0,2,1.033333,40,1,15
184,0,36.58333,5.7,0.1197419,568.7742,1,0,1,2.85,36,1,16
813,0,36.5,3.5,0.2171703,633.4133,1,0,0,3.5,95,1,17
526,1,34.83333,3.2,0.06567625,175.1367,1,0,2,1.066667,25,1,8
511,0,21.5,2.3779,0.01799908,35.16667,0,0,0,2.3779,7,0,5
496,0,23.91667,2,0.100191,166.9017,0,0,0,2,9,1,0
368,0,33.75,2.5,0.0775176,161.1617,1,0,1,1.25,30,1,6
259,0,46.5,5,0.02724,112.9167,1,0,1,2.5,7,1,7
186,0,23,3.1782,0.09312976,246.5708,0,0,0,3.1782,17,1,3
790,0,34.91667,2.1,0.05904476,103.3283,0,0,2,0.7,49,1,4
424,0,28.66667,3.5,0.02358028,68.35917,1,0,5,0.5833334,42,1,12
164,0,63.5,6.4532,0.0001859543,0,1,0,0,6.4532,42,1,13
902,0,37.33333,5.92,0.03028024,149.2992,1,0,2,1.973333,48,1,7
521,0,20.08333,3.4,0.0006470588,0.9166667,0,0,0,3.4,15,0,0
831,0,19.16667,1.9,0.2829621,448.0233,0,0,0,1.9,192,0,1
603,0,34,5.4,0.07138018,321.2108,1,0,3,1.35,24,1,4
205,0,33.08333,4.5,0.104378,391.4175,0,0,1,2.25,36,1,2
1137,0,20.5,1.54,0.08959676,114.8158,0,0,0,1.54,6,1,2
743,1,44.91667,5.8,0.03635741,175.6442,1,0,2,1.933333,148,1,16
816,0,22,2.7,0.04682963,105.2833,0,0,0,2.7,15,1,7
62,0,28.16667,4.7,0.2421564,948.3625,1,0,0,4.7,6,1,19
445,0,25.83333,2.5,0.0598016,124.5033,0,0,0,2.5,6,0,0
841,0,27.08333,1.89,0.04420053,69.0325,0,0,0,1.89,51,1,12
245,0,21,2.4663,0.2689328,552.7242,1,0,1,1.23315,12,1,10
1166,0,38.41667,3.8,0.05987158,189.1767,1,0,0,3.8,23,1,6
694,0,52.16667,5,0.0204978,85.24083,1,0,1,2.5,201,0,16
484,0,40.91667,4,0.00331225,10.29083,1,0,1,2,84,1,9
483,0,52.16667,2.66,0.04462218,98.57916,1,0,3,0.665,228,1,0
228,0,31.75,3.5,0.01055514,30.36917,1,0,1,1.75,36,1,5
1252,0,43.33333,3.9495,0.1571475,517.2117,1,0,6,0.5642143,3,0,0
520,0,33.58333,4.566,0.002146299,7.333333,1,0,0,4.566,94,1,19
682,0,24,3.095,0.0698588,180.1775,1,0,1,1.5475,12,1,23
1020,0,31.58333,3,0.2136177,533.6275,0,0,0,3,7,1,1
789,0,31.75,10.9999,0.01070092,97.42416,0,0,0,10.9999,12,1,0
379,0,40.08333,4,0.07481575,248.7192,1,0,2,1.333333,96,1,0
555,0,36.66667,3.8,0.03591921,112.9942,1,0,3,0.95,77,1,4
89,1,34.41667,5,0.1640628,683.4283,1,1,1,2.5,108,1,6
629,0,51.75,4.7232,0.02165545,84.9025,1,0,1,2.3616,60,0,0
220,0,57.58333,4.1,0.08389854,286.57,1,0,3,1.025,121,1,15
653,0,40,5.5,0.3344596,1532.773,1,0,4,1.1,74,1,19
325,0,36.91667,2.2,0.08092181,148.19,0,0,1,1.1,8,1,4
920,0,67.16666,4.4692,0.002148035,7.083333,0,0,1,2.2346,36,1,1
1088,1,43.25,6.72,0.03142812,175.9975,1,0,3,1.68,30,1,27
192,0,20.91667,4,0.042129,140.3467,1,0,0,4,24,1,4
434,0,0.5833333,2.5,0.0831712,173.0233,0,0,0,2.5,150,1,5
280,0,25.41667,2.45,0.09007061,183.5608,0,0,0,2.45,48,1,6
670,0,27.75,7,0.1105849,644.8283,1,0,0,7,0,1,13
71,0,34.25,3,0.5409953,1352.488,1,0,0,3,72,1,3
1060,0,41.08333,2.8,0.03716286,86.54667,1,0,0,2.8,48,0,6
390,0,32.33333,6.3,0.08876603,465.9383,0,1,4,1.26,60,1,7
1018,0,18.75,1.968,0.06387195,103.9167,0,0,0,1.968,64,0,1
618,0,45.58333,11.9999,0.02006617,200.4933,1,1,1,5.99995,24,1,6
40,0,41.91667,5,0.24272,1011.333,0,0,1,2.5,36,1,5
267,0,40.75,7.24,0.03904502,235.5717,1,0,2,2.413333,177,1,13
769,0,24.66667,2.275,0.04983472,94.145,1,0,2,0.7583333,31,1,6
758,0,57.66667,2.5,0.05074,105.125,1,0,0,2.5,24,1,13
934,0,44.5,9,0.2599927,1949.862,0,0,2,3,4,1,7
1250,0,19,2.8,0.1672143,390.1667,1,0,0,2.8,10,0,0
306,0,38.83333,3.3,0.02411576,65.81834,1,0,3,0.825,188,1,19
357,0,26.66667,2.2,0.05026682,91.98917,0,0,0,2.2,42,1,8
180,0,37.66667,7,0.01116743,64.56,1,0,3,1.75,96,1,5
1246,0,23.75,2.8,0.014875,34.125,0,0,2,0.9333333,48,1,8
940,0,30.33333,2.45,0.05832653,119,0,0,0,2.45,8,1,0
66,0,25.41667,1.6417,0.3715959,508.2908,0,0,0,1.6417,19,1,9
1237,0,23.33333,2.55,0.007960784,16.25,0,0,1,1.275,6,1,0
825,0,34.08333,4.85,0.04899547,198.0233,1,0,2,1.616667,114,1,12
135,0,26.25,3.1894,0.09721233,258.2908,0,0,0,3.1894,10,1,11
495,0,30.08333,2.6,0.005961538,12.08333,1,0,4,0.52,51,1,16
1179,0,32.16667,2.3,0.2000322,383.3117,0,0,1,1.15,63,1,6
533,0,28,2.16,0.02366667,42.51667,0,0,0,2.16,50,0,3
419,0,26.75,1.8,0.006611111,9.166667,1,0,0,1.8,53,1,9
20,1,56.75,7.572,0.006669308,41.33333,1,1,2,2.524,39,1,18
698,0,49.66667,2.7,0.08877037,199.7333,1,0,0,2.7,120,0,3
1107,0,21.25,2.25,0.03186978,59.08916,0,0,0,2.25,15,1,1
693,0,26.5,2.35,0.0005106383,0,0,0,0,2.35,36,1,11
786,0,26.66667,2.216,0.03075632,56.46333,0,0,0,2.216,10,1,2
236,0,31.41667,3,0.06917133,172.5717,1,0,1,1.5,24,1,13
1155,0,24.66667,3.074,0.2508032,642.4742,0,0,0,3.074,4,1,0
342,0,28.16667,2.4,0.1137675,227.3683,0,0,0,2.4,1,1,29
427,0,27.16667,2.6796,0.007277206,15.58333,0,0,4,0.53592,36,1,4
937,0,28.75,2.5,0.01238,25.29167,1,0,0,2.5,27,1,16
227,0,22.91667,2.5,0.2395248,498.9267,0,0,0,2.5,2,1,0
1268,0,49.83333,6.9,0.06075971,349.2017,1,0,3,1.725,160,0,0
151,0,38.5,5.5689,0.04341593,201.4825,0,0,3,1.392225,30,1,7
382,0,64.58334,7.125,0.02533895,149.7,1,0,1,3.5625,241,1,8
1100,1,34.08333,8.1,0.1107659,747.67,1,1,3,2.025,36,1,15
408,0,57.08333,5,0.00024,0,1,1,0,5,144,1,7
250,0,24.33333,3,0.002791667,6.145833,1,0,2,1,18,1,6
617,0,21.83333,2.5,0.0067932,13.4025,0,0,0,2.5,32,1,3
905,0,26.08333,2.23,0.05652018,104.7833,0,0,0,2.23,12,1,1
162,1,58.91667,2.7,0.003222222,6.416667,1,0,0,2.7,252,1,8
207,1,42,3.836,0.103933,332.2392,1,0,3,0.959,14,1,14
964,0,47.83333,3.1131,0.02505766,64.75584,0,0,0,3.1131,7,1,16
297,0,38.33333,3,0.227364,568.2433,1,0,0,3,46,1,2
1150,0,38.83333,5.4,0.01299352,58.05416,1,1,0,5.4,108,1,17
628,0,26.83333,3.15,0.07226063,189.6842,0,0,0,3.15,6,1,0
435,0,40.75,3.64,0.03113791,94.11833,0,0,1,1.82,41,1,1
1215,0,42.16667,4.04,0.01336535,44.41333,0,0,0,4.04,5,1,6
90,0,32.33333,4.5,0.09166333,343.6542,0,0,0,4.5,48,1,4
147,0,21.41667,1.56,0.06716603,87.14917,0,0,0,1.56,24,0,5
849,0,27.33333,3.2875,0.03242008,88.8175,0,0,1,1.64375,54,1,12
355,1,21.91667,3,0.004701667,11.00417,0,0,1,1.5,18,0,7
73,0,31.25,4.8,0.1011433,404.49,1,0,0,4.8,30,1,13
491,0,28.83333,2.45,0.03879551,78.87417,1,0,0,2.45,26,1,3
908,0,22,3.2905,0.01756572,48.08333,0,0,2,1.096833,21,1,5
890,0,39.58333,2.5,0.1922148,400.4475,0,0,0,2.5,12,1,4
1264,1,28.16667,2.5,0.0032,5.833333,0,0,1,1.25,24,1,6
852,0,31.5,5.905,0.0251939,123.8917,0,0,1,2.9525,12,1,2
92,0,32.25,3.6208,0.04983705,150.2917,1,0,3,0.9052,97,1,13
842,0,23.5,1.83,0.07156994,108.9775,0,0,1,0.915,12,0,10
43,0,24.91667,2.3,0.08519435,163.0392,0,0,0,2.3,26,1,7
21,0,63.75,6,0.001833333,8.333333,0,0,0,6,50,1,14
1017,0,24.41667,1.9,0.2731216,432.3592,0,0,0,1.9,19,1,6
183,0,20.66667,1.7,0.07420824,105.045,0,0,0,1.7,6,1,4
127,0,24.08333,2.9,0.04706862,113.2492,1,0,0,2.9,60,1,3
1072,1,56.91667,3.4838,0.0628954,182.0958,1,0,0,3.4838,540,1,7
31,0,28.08333,2.1,0.09068,158.6067,1,0,1,1.05,24,0,11
1223,0,21.58333,3.12,0.08677917,225.4592,0,0,1,1.56,10,0,6
814,0,61.16667,5,0.0457034,190.4308,1,0,2,1.666667,6,0,0
775,0,61.08333,5.3726,0.04957879,221.8892,1,1,0,5.3726,12,1,0
727,0,21,2.1,0.07551762,131.9892,1,0,0,2.1,194,1,5
1066,0,25.66667,2.2,0.02147727,38.70833,1,0,1,1.1,26,1,7
854,0,49,3.3,0.04070939,111.6175,1,0,0,3.3,252,1,0
991,0,35.16667,2.2,0.1334473,244.6533,1,0,1,1.1,13,1,9
49,0,28.41667,3.2,0.01978,52.58,0,0,0,3.2,65,1,18
1068,0,46.25,6.8,0.007138088,40.19917,1,1,0,6.8,48,1,2
687,1,43.75,3.5,0.1329034,387.2183,1,0,3,0.875,180,0,19
407,0,25.75,1.85,0.05965243,91.96417,1,0,0,1.85,24,1,9
604,1,19,2.19,0.3406356,621.66,0,0,0,2.19,59,1,2
876,0,26.41667,2.8,0.0921725,215.0692,0,0,1,1.4,12,1,16
597,0,28.91667,2.69,0.1571033,352.1733,0,0,1,1.345,62,0,0
136,1,40.41667,2.448,0.2090833,426.4467,1,0,1,1.224,41,1,12
1204,0,42.16667,5.2,0.01342865,57.44083,1,0,3,1.3,29,1,9
941,0,25.33333,3.24,0.02563117,68.87083,0,0,0,3.24,30,1,19
421,0,39.41667,4.7,0.06314021,247.2992,1,0,4,0.94,12,1,10
82,0,52.66667,3,0.039573,98.6825,1,0,1,1.5,220,1,8
530,0,28.25,3.9,0.07661206,248.9058,0,0,0,3.9,48,1,10
1164,1,26,1.7305,0.09120428,131.5242,0,0,0,1.7305,8,1,10
1221,0,50.33333,7.1,0.04148197,245.3517,1,0,2,2.366667,12,1,0
648,1,37.66667,2,0.0608075,101.2625,1,0,3,0.5,42,1,3
754,0,28.75,7,0.1083524,631.9725,1,1,0,7,12,1,5
348,0,26.83333,2.9,0.006872069,15.94083,1,1,1,1.45,26,1,3
68,0,23.08333,2.56,0.1502422,320.5167,0,0,1,1.28,11,1,2
534,0,35.66667,3.5822,0.1049978,313.3525,1,0,1,1.7911,84,1,10
1039,0,55.08333,6.7,0.07986075,445.8058,1,0,0,6.7,35,1,0
519,0,26.75,3.5,0.1181043,344.4708,0,0,0,3.5,2,1,14
338,0,31.5,2.85,0.3137003,745.0383,1,0,2,0.95,30,1,11
951,0,27.91667,2.52,0.08961231,188.1858,0,0,1,1.26,12,1,0
1135,0,27.25,1.8,0.07033833,105.5075,1,0,2,0.6,6,1,4
138,0,51.83333,3.6,0.070965,212.4783,1,0,1,1.8,125,1,13
217,0,28.25,2.3,0.1644965,315.2017,1,0,1,1.15,13,0,4
641,0,22.33333,1.8,0.05342556,80.055,0,0,0,1.8,48,0,1
971,0,45.75,4.4,0.004863637,17.08333,1,0,3,1.1,12,1,18
883,0,26.58333,2.2,0.07969773,145.6958,0,0,0,2.2,30,1,3
1230,0,61,1.5,0.2685167,335.5625,1,0,1,0.75,372,1,24
196,0,25.16667,1.8,0.09530056,142.9508,0,0,0,1.8,24,0,4
103,0,32.25,2,0.073052,121.3367,1,0,1,1,24,1,2
7,1,23.25,1.8769,0.3536299,553.1067,0,0,0,1.8769,12,1,3
1076,1,47.5,3.1,0.1792845,463.1517,0,0,0,3.1,24,1,15
872,0,37.66667,4.52,0.03326991,124.9833,1,0,3,1.13,54,1,12
671,0,32.66667,3.65,0.5383649,1637.527,1,0,1,1.825,32,1,7
2,1,24.25,3.5,0.06996286,203.8917,0,0,0,3.5,60,1,11
105,0,42.08333,5.5,0.07068036,323.9517,0,0,0,5.5,98,1,4
240,0,37.08333,7,0.1540159,898.4258,1,0,3,1.75,24,1,8
719,0,34.08333,3.5,0.06167429,179.7167,1,0,0,3.5,24,0,10
1269,0,23.5,2.8,0.06339286,147.3333,0,0,0,2.8,64,1,8
528,0,24.08333,1.62,0.01050802,13.68583,0,0,0,1.62,12,0,4
61,1,21.58333,2.46,0.1409972,289.0442,0,0,1,1.23,4,1,11
213,0,31.25,5.5,0.0708629,324.705,1,0,3,1.375,6,1,7
222,0,22.58333,2.25,0.01111111,20.08333,0,0,0,2.25,12,1,4
415,0,32.83333,2,0.0938035,156.0892,1,0,2,0.6666666,8,0,2
545,0,28.41667,2.6,0.04854384,105.095,1,0,0,2.6,27,1,6
402,0,45,3.8,0.03137474,99.10333,1,0,1,1.9,90,1,3
231,0,25.16667,3.25,0.03124,84.275,0,0,0,3.25,6,1,17
656,0,36.91667,4.5,0.08238,308.925,1,0,0,4.5,60,1,16
932,0,28.16667,4.375,0.02481051,89.955,1,0,1,2.1875,84,0,1
479,0,26.58333,3.2,0.1495691,398.8508,1,0,2,1.066667,12,1,0
206,0,34.58333,3.2604,0.02910716,78.75083,0,0,1,1.6302,31,1,6
122,0,54.08333,2.5,0.009122,18.25417,1,0,1,1.25,102,0,13
771,1,29.83333,3.7,0.595776,1836.976,0,0,0,3.7,24,1,7
1191,0,31.33333,3.2,0.04113469,109.6092,0,0,2,1.066667,17,1,0
638,0,44.58333,3.5,0.01198229,34.53167,1,0,1,1.75,33,1,13
974,0,27.75,4.6,0.1057439,405.3517,1,0,4,0.92,28,1,13
622,0,20.25,1.85,0.3426108,527.9417,1,0,0,1.85,96,1,2
1260,0,40.75,6,0.06123966,306.0317,0,1,2,2,182,1,16
189,0,24.5,2.5,0.2339912,487.4817,0,0,0,2.5,15,0,1
107,0,43.41667,2.4,0.03435875,68.38417,0,0,0,2.4,12,1,0
146,0,47.08333,4.5,0.1395,523.125,1,0,0,4.5,3,1,13
726,0,23.58333,3.9,0.01830487,58.99083,0,0,1,1.95,14,1,7
384,0,25,3.3984,0.0003531073,0,1,0,2,1.1328,29,0,4
1270,1,32.75,6,0.08980783,449.0392,0,0,0,6,6,0,17
48,0,31.5,1.6,0.2253456,300.4608,0,0,0,1.6,6,1,8
953,0,43.83333,3.25,0.05890216,159.36,1,0,2,1.083333,109,1,6
12,0,35.33333,3,0.054018,135.045,0,0,1,1.5,6,1,8
305,0,27.25,3.15,0.06493969,170.4667,1,0,2,1.05,24,1,9
230,0,21.91667,2.2593,0.06498916,122.1917,1,0,0,2.2593,6,1,0
627,0,25.16667,8,0.01700675,112.8783,1,0,2,2.666667,18,1,0
958,0,44.08333,4,0.02011975,66.7325,1,1,2,1.333333,120,1,12
473,0,0.1666667,3.24,0.1843664,497.7058,1,0,3,0.81,25,1,16
493,0,23.25,2.5,0.0444384,91.99667,0,0,0,2.5,54,1,1
75,0,34.25,2,0.131112,218.52,1,0,0,2,12,1,0
609,0,22.83333,1.8468,0.011423,16.91333,0,0,0,1.8468,48,1,4
560,0,24.16667,3.7,0.07111514,219.2717,1,0,1,1.85,8,1,5
201,0,29.58333,1.95,0.004564103,6.5,1,0,2,0.65,96,1,2
124,0,22.33333,2.8,0.08228679,191.8358,0,0,0,2.8,4,1,0
296,0,22.91667,4.8,0.05806896,232.2758,0,0,2,1.6,2,1,4
279,0,38.75,2.8463,0.007026666,15.83333,1,0,1,1.42315,120,1,16
590,0,39.08333,3.5,0.06206229,181.015,1,0,1,1.75,42,1,0
413,0,23.25,4.32,0.1877141,675.7708,0,0,2,1.44,36,1,11
315,0,50,4.5,0.09626533,360.995,1,0,2,1.5,301,1,11
742,0,41.5,3.8,0.08315605,263.3275,0,0,0,3.8,67,1,4
846,0,25.41667,2.7,0.06417074,144.3842,1,0,1,1.35,17,1,8
755,1,27.75,2.04,0.2145995,364.8192,0,0,0,2.04,24,1,10
996,0,26.08333,2.35,0.04285106,83.08334,0,0,1,1.175,30,0,2
1229,0,36.41667,2.2,0.01145455,20.33333,1,0,0,2.2,77,1,0
564,0,33.08333,4,0.2564355,854.785,1,0,2,1.333333,42,1,4
1037,0,28.16667,2,0.06025,100.4167,1,0,1,1,38,0,8
457,0,33.08333,2.8,0.03015786,70.285,1,0,1,1.4,72,1,20
701,0,28.41667,2.8,0.01421429,32.66667,0,0,0,2.8,27,1,19
987,0,39.25,3.4064,0.06364079,180.655,0,1,1,1.7032,120,1,7
475,0,29,5.5,0.062952,288.3633,0,0,2,1.833333,18,1,3
621,0,25.75,2.8,0.05751464,134.2008,0,0,0,2.8,6,0,3
585,0,83.5,2.8725,0.005848564,13.33333,1,1,0,2.8725,38,0,11
711,0,40.58333,4.6,0.02651261,101.2983,1,0,2,1.533333,1,1,2
286,0,42.66667,6.2,0.006145161,31,1,0,2,2.066667,132,1,14
426,0,24.91667,2.3,0.02855478,54.64667,0,0,0,2.3,30,1,2
155,0,23.08333,2.95,0.03642203,89.37083,1,0,0,2.95,12,1,17
763,0,29.41667,3.65,0.08789534,267.3483,0,0,0,3.65,24,1,17
1206,0,42.66667,2.59,0.03148378,67.53584,1,1,3,0.6475,96,1,5
995,0,35.83333,1.8829,0.1364475,214.0975,0,0,1,0.94145,3,1,12
317,0,39.66667,3,0.02240434,55.76083,1,1,1,1.5,132,1,22
704,0,41.66667,3,0.05293967,131.7658,1,0,0,3,166,1,7
166,0,35.75,4.14,0.1375309,474.065,1,0,0,4.14,12,1,18
1029,0,29,2.7,0.0004444444,0,0,0,0,2.7,24,1,20
782,0,19.08333,2.6,0.1316562,285.255,0,0,0,2.6,87,1,2
832,0,54.41667,9,0.06282978,470.9733,1,0,3,2.25,147,1,6
505,0,24.58333,2.2,0.06601682,121.0308,0,0,0,2.2,22,1,6
581,0,19.91667,3.5,0.06020943,175.4442,0,0,1,1.75,24,1,3
513,0,30.08333,3.75,0.09561973,298.4783,1,0,1,1.875,12,1,9
447,1,29.58333,6.6,0.09274364,510.09,1,0,0,6.6,24,1,14
27,0,25.16667,1.5,0.08980467,111.8392,1,0,1,0.75,14,1,19
292,0,30.5,3.95,0.07802456,256.6642,1,0,1,1.975,24,1,20
370,0,40.91667,6,0.07896433,394.5717,1,0,0,6,42,1,5
811,0,51.75,3.8,0.01511711,47.7875,1,0,1,1.9,51,1,5
835,0,26.58333,2.2,0.05078546,93.10667,0,0,0,2.2,144,1,10
93,0,25.16667,3.42,0.008915205,24.575,0,0,0,3.42,3,1,0
366,0,35.83333,2.5,0.0791488,164.81,1,0,1,1.25,42,0,11
1174,0,29.83333,2.8,0.03458607,80.45084,1,0,0,2.8,80,1,14
1061,0,27.16667,2.3558,0.01112149,21.33333,1,0,2,0.7852666,6,1,5
1140,0,0.75,1.6,0.1541906,205.2542,0,0,0,1.6,1,1,9
283,0,20,2.79,0.02268351,52.48917,0,0,0,2.79,86,1,5
118,0,25.33333,2.1,0.1966748,344.1808,1,0,1,1.05,22,1,19
611,0,38.41667,6.5,0.02921738,157.8442,1,0,3,1.625,60,1,9
739,0,25.33333,1.56,0.03501987,44.9425,0,0,1,0.78,12,1,0
678,0,46.33333,4.2,0.008841666,30.44583,1,0,1,2.1,216,1,27
914,0,22.25,1.5,0.058608,73.17667,0,0,0,1.5,64,1,6
386,0,47.75,2.6372,0.006635826,13.91667,1,0,0,2.6372,4,1,12
113,0,36.83333,3.3,0.1568097,431.1433,0,0,0,3.3,3,1,0
200,0,24.91667,2.4,0.23063,461.26,0,0,1,1.2,164,0,1
1057,0,24.25,1.8,0.1336028,200.2375,1,0,0,1.8,151,1,5
193,0,24.33333,3.9,0.09410384,305.8375,0,0,2,1.3,27,1,0
187,0,28.91667,2.1,0.009285714,15.58333,0,0,0,2.1,28,1,5
830,0,42.91667,4,0.07213325,240.2775,0,0,2,1.333333,180,1,9
111,0,33.75,2.9,0.104841,253.3658,1,0,2,0.9666667,14,1,20
821,0,20.83333,2,0.00475,7.083333,1,1,0,2,18,0,3
322,0,38.83333,6.5,0.2897866,1569.677,1,0,4,1.3,117,1,18
1266,0,24.91667,3.4,0.1063297,301.0175,0,0,0,3.4,17,1,7
459,0,28.25,2.0272,0.1110255,187.1425,1,0,1,1.0136,91,1,1
553,0,29.16667,2.37,0.07643376,150.79,1,0,0,2.37,77,1,3
1031,0,29.08333,5,0.1619782,674.9092,1,0,4,1,3,1,0
537,0,28.33333,6.6,0.007129848,38.71416,0,0,2,2.2,55,1,7
211,0,29.83333,2.25,0.106824,199.795,0,0,0,2.25,36,1,0
1064,0,35.33333,4.5,0.01804822,67.0975,1,0,1,2.25,14,1,0
1070,0,20.41667,2.2375,0.05063821,93.91917,0,0,0,2.2375,27,1,1
871,0,34,2.205,0.04400998,80.86833,1,0,2,0.735,4,1,10
405,0,24.25,1.6,0.3755244,500.6158,1,0,0,1.6,48,0,1
108,0,25.5,2.9,0.08015586,193.2933,0,0,0,2.9,2,1,0
173,0,33.25,3,0.3761903,940.3925,1,0,2,1,97,1,4
1096,0,39.58333,2.6,0.02623077,56.33333,1,0,3,0.65,70,1,9
65,0,24.5,3.06,0.1705402,434.8775,0,0,0,3.06,3,1,0
251,0,38.5,3.2618,0.00294316,7.083333,0,0,4,0.65236,18,1,0
699,0,27.58333,2.76,0.01036232,23.25,0,0,0,2.76,30,1,1
578,0,22.16667,1.6,0.1506275,200.5867,1,0,0,1.6,27,1,3
1056,0,20.66667,2,0.100224,167.04,0,0,0,2,14,1,1
1271,0,37.75,5.9,0.06604102,324.6183,1,0,3,1.475,28,1,11
1165,0,62,1.638,0.04700183,64.07417,1,0,0,1.638,270,0,1
1154,0,48.33333,3.7,0.03722216,114.6017,1,0,2,1.233333,192,0,7
30,1,37.08333,3,0.003666667,8.333333,0,0,0,3,60,1,9
216,0,31.91667,4.07,0.06885749,233.0417,0,0,0,4.07,12,1,14
182,1,20.58333,2.7,0.118307,266.1908,0,0,0,2.7,147,1,22
1232,0,24.25,2,0.0559685,93.1975,0,0,0,2,18,1,12
1077,1,26.58333,2.45,0.1217171,248.5058,0,0,0,2.45,5,1,15
121,0,23,1.8,0.111475,167.2125,0,0,0,1.8,6,1,0
862,0,26.08333,3.5,0.08595,250.5208,0,0,0,3.5,52,1,2
226,0,23.16667,2.6,0.8245508,1786.277,0,0,0,2.6,4,1,0
78,0,24.25,2.6,0.2969185,643.3233,0,0,1,1.3,10,1,11
1213,0,25.25,1.8,0.4559923,683.9883,1,0,0,1.8,98,1,2
428,1,21.16667,1.8,0.1925344,288.8017,0,0,0,1.8,192,1,8
258,0,26.08333,2.75,0.1835625,420.5808,1,0,1,1.375,6,1,11
56,0,40.83333,2.6,0.004230769,8.333333,1,0,0,2.6,52,1,3
592,0,21.5,5.5,0.07795545,356.8792,0,0,0,5.5,50,1,0
734,0,38.08333,4,0.0092175,29.975,1,0,0,4,16,1,8
600,0,34.58333,5.1,0.0970047,412.1867,1,0,4,1.02,3,1,0
506,0,42,3.6,0.01785056,53.30167,0,1,0,3.6,41,0,14
654,1,18.66667,1.66,0.0568759,78.42834,1,0,0,1.66,51,1,2
896,0,28.91667,2.1,0.1384924,242.195,0,0,2,0.7,24,1,7
320,1,38.83333,2.52,0.08646706,181.4142,1,0,0,2.52,138,1,8
865,1,48.75,2.7,0.0004444444,0,0,1,0,2.7,120,1,3
423,0,29.58333,2.4,0.01527,29.95667,0,0,1,1.2,18,1,8
1284,0,47.41667,4.92,0.0448939,183.8983,1,1,1,2.46,288,1,14
492,0,24.75,2,0.0549975,91.4125,1,1,1,1,24,0,10
289,0,34.66667,5,0.0140794,58.08083,1,0,4,1,6,1,0
153,1,28.5,3,0.029469,73.1725,0,0,0,3,51,1,5
943,0,34.16667,2.616,0.03886773,84.73167,0,0,2,0.872,3,1,12
167,0,40.33333,8.2,0.02820012,192.4508,1,0,3,2.05,172,1,15
351,1,39.75,7,0.109958,641.4216,1,0,2,2.333333,30,0,22
72,0,24.25,2.13,0.02122066,37.08333,0,0,1,1.065,13,1,4
788,0,26.25,3,0.124375,310.9375,1,0,0,3,7,1,10
1227,1,27.75,2.7,0.09362111,210.6475,0,0,0,2.7,9,1,13
859,0,24.58333,2.2,0.06938273,127.1183,1,0,0,2.2,229,0,1
350,0,21.41667,1.75,0.02445829,35.16833,1,0,0,1.75,131,1,3
1283,0,44.66667,2.4,0.0005,0,0,0,0,2.4,36,1,11
401,0,28.91667,1.511,0.0007941761,0,0,0,0,1.511,44,1,15
313,0,26.58333,2.35,0.06488553,126.6508,0,0,1,1.175,26,1,2
960,0,39.5,3,0.016231,40.3275,1,0,3,0.75,14,1,9
893,1,32.66667,6,0.09483,474.15,1,0,0,6,48,1,6
589,1,43.33333,4.8,0.3706127,1482.368,1,0,0,4.8,3,1,4
23,0,45.08333,4.6,0.07776695,298.0233,0,0,2,1.533333,72,1,5
1236,0,27.33333,2.75,0.06718982,153.7267,0,0,0,2.75,6,1,3
1259,0,25.58333,3.41,0.006522581,17.785,1,0,1,1.705,7,1,6
990,0,41.66667,2.7,0.04356111,97.5125,1,0,2,0.9,28,1,11
487,0,34.33333,4.5,0.0032,11.16667,1,1,4,0.9,30,1,6
453,0,71.83334,7.701,0.06251058,400.9117,1,0,1,3.8505,24,1,9
580,0,25.33333,2,0.006652,10.42,0,0,0,2,24,1,19
649,0,42.83333,3.5412,0.1834562,541.2958,1,0,6,0.5058857,108,1,15
1002,0,18.5,2.5,0.2115316,440.6908,0,0,0,2.5,4,0,1
583,0,21.91667,3.86,0.0003108808,0,1,1,0,3.86,18,1,8
562,0,24.75,2.2,0.1550486,284.2558,1,0,0,2.2,36,1,6
392,0,25.08333,2.1,0.1227771,214.86,0,0,0,2.1,26,1,17
863,0,26.75,2.15,0.03427907,61.33333,0,0,0,2.15,10,0,4
999,0,33.83333,1.8,0.1132511,169.8767,0,0,0,1.8,4,1,8
1118,0,38.41667,5.6,0.0934841,436.2592,1,0,4,1.12,114,0,7
657,0,43.83333,3.9,0.01558974,50.08333,1,0,3,0.975,179,1,6
760,0,26.5,3,0.04865566,121.5558,1,0,0,3,12,1,4
1193,0,46.5,3.5,0.04229,122.9292,0,1,2,1.166667,48,1,1
741,0,27.16667,2.28,0.01492807,27.78,0,0,3,0.57,36,1,5
1276,0,23.83333,3,0.08901566,222.5392,0,0,0,3,12,1,5
46,0,23.08333,2.04,0.1794971,304.895,0,0,0,2.04,12,1,9
547,0,43.83333,10.5,0.001095238,8.75,1,0,4,2.1,168,1,16
640,0,33.75,1.8,0.1306339,195.4508,1,0,3,0.45,12,1,2
753,0,22.83333,3.5,0.04541571,132.1292,0,1,0,3.5,8,1,3
826,0,29.91667,1.51,0.05125828,63.91667,0,0,1,0.755,7,0,1
441,0,21.91667,6.7,0.05414866,302.2467,0,0,0,6.7,8,1,6
957,1,46,10.032,0.01013447,84.39083,1,0,2,3.344,134,1,15
234,0,40,4.5,0.09576601,359.1225,0,0,5,0.75,2,1,0
15,0,26.08333,2.375,0.142851,282.7258,0,1,1,1.1875,114,1,1
868,0,25.66667,5.5,0.1535069,703.4067,1,0,1,2.75,30,1,13
391,0,49.16667,9.9999,0.01116311,92.44167,1,0,4,1.99998,218,0,12
32,0,34.58333,7,0.03546543,206.3817,0,1,6,1,63,1,3
172,0,49.16667,3.1144,0.008495376,21.465,1,0,1,1.5572,154,0,6
1065,0,48.16667,1.7,0.01221235,16.63417,1,0,0,1.7,108,1,18
954,0,46.25,2,0.00685,10.58333,1,0,0,2,76,1,1
273,0,35.16667,4.815,0.04295223,171.5125,1,0,2,1.605,48,1,18
52,0,27.58333,3.2,0.1177562,313.4333,0,0,0,3.2,24,1,2
850,0,25.33333,2.4,0.1066462,213.2925,0,0,0,2.4,5,1,10
1028,0,30.58333,1.8,0.01989944,29.51583,0,0,0,1.8,6,1,10
752,0,34.91667,5,0.4258454,1774.356,1,0,3,1.25,36,1,7
404,0,22.41667,3.1,0.2400213,620.055,0,0,0,3.1,3,1,0
880,0,39.41667,1.56,0.04665384,60.06667,0,0,0,1.56,25,1,3
541,0,39.91667,4.6,0.02751957,105.325,0,0,2,1.533333,4,1,1
253,0,23.66667,2.3,0.007781739,14.33167,0,0,2,0.7666667,14,0,0
128,0,46.91667,3.4,0.03101882,87.63667,0,0,0,3.4,42,1,4
393,0,37.08333,8.124,0.03150603,213.1292,1,1,3,2.031,120,1,5
707,0,22,2.7,0.03544926,79.51083,0,0,0,2.7,3,1,0
358,0,34.16667,4.3,0.0249386,88.94667,0,0,1,2.15,12,1,2
840,0,22.08333,1.566,0.07067624,91.7325,0,0,0,1.566,18,1,1
955,0,36.41667,3,0.1130587,282.5633,0,0,2,1,16,1,6
1180,1,38,3.27,0.2386927,650.4375,0,0,2,1.09,7,1,3
266,0,30.5,2.54,0.06521378,137.8692,0,0,0,2.54,25,1,7
1001,0,37.41667,2.5,0.0298332,61.73583,1,0,2,0.8333333,120,0,4
1198,0,29.83333,3,0.1059863,264.9658,1,0,1,1.5,51,0,11
1168,0,38.91667,2.136,0.05966339,106.2008,0,0,1,1.068,66,1,14
190,0,25.25,3.2,0.04542718,121.0558,0,0,0,3.2,4,1,6
269,0,25.91667,2.5,0.02125,44.02083,0,0,0,2.5,25,1,10
799,0,24.66667,1.632,0.1754246,238.3275,0,0,1,0.816,4,1,5
158,0,29.33333,2.5,0.1795448,374.0517,1,0,0,2.5,70,1,9
773,0,49.16667,5.2,0.146526,634.8625,1,0,1,2.6,303,1,11
518,0,57.08333,4.8,0.1534315,613.6425,1,0,0,4.8,138,1,4
571,1,32.83333,2.5,0.1573136,327.7367,0,0,0,2.5,147,1,3
470,0,25.25,5.5,0.02479182,113.2958,1,1,0,5.5,16,1,0
165,0,28.5,3.4,0.02121324,59.85417,0,0,0,3.4,207,1,4
115,0,52.33333,3.328,0.02882272,79.685,1,0,1,1.664,243,1,3
766,0,39.08333,4.2,0.006554524,22.3575,1,0,0,4.2,24,1,5
256,1,36.5,1.68,0.138147,193.3225,1,0,0,1.68,44,1,12
480,0,26.66667,1.6,0.02353625,30.54833,1,0,0,1.6,24,1,5
416,0,35.33333,1.908,0.02690671,42.615,1,0,2,0.636,120,0,5
1178,0,56.91667,1.92,0.2004224,320.6758,1,1,1,0.96,64,1,9
877,0,22.83333,2.5,0.4028644,839.3008,0,0,0,2.5,4,1,1
410,0,21.16667,2.4,0.1008329,201.5825,0,0,0,2.4,2,1,5
1146,0,27.41667,2,0.111812,186.3533,0,0,0,2,9,1,5
420,1,30,4,0.05105425,170.1808,1,0,5,0.6666666,28,1,7
909,0,41.08333,4.5,0.1431333,536.25,1,0,2,1.5,6,1,10
409,0,28.83333,2.184,0.07956502,144.6417,1,0,0,2.184,5,1,14
1245,0,20.16667,1.5,0.1196407,149.5508,0,0,0,1.5,3,1,3
977,0,26.33333,2.45,0.05493143,111.8183,0,0,0,2.45,6,1,11
335,0,47.83333,4.68,0.03474402,134.9183,1,0,1,2.34,210,1,6
647,0,45.75,4.5,0.03987022,149.0967,1,0,2,1.5,132,1,9
677,1,30.66667,2.74,0.01856679,42.31083,1,0,3,0.685,76,1,8
1058,0,29.33333,3.2,0.05367281,142.8775,0,0,0,3.2,36,0,6
855,0,27.83333,1.99,0.06038794,100.1433,1,0,1,0.995,12,1,5
767,0,46,5.5,0.05487727,251.5208,1,0,2,1.833333,161,1,7
70,0,23.75,3,0.016826,41.48167,0,0,3,0.75,18,1,3
615,0,32.25,2.6,0.07879038,170.4625,0,0,1,1.3,76,0,3
959,0,30.58333,2.512,0.002627389,4.583333,0,1,3,0.628,36,0,4
101,0,45.66667,3.224,0.333848,896.9384,1,0,5,0.5373334,168,0,9
1069,0,51.91667,6.8,0.002705882,14.66667,0,0,0,6.8,38,0,5
1275,0,24,2.1,0.0836781,146.27,1,0,0,2.1,24,1,14
371,0,30.33333,2.5,0.0356228,73.7975,1,1,3,0.625,30,1,9
194,0,20.83333,1.92,0.1300521,208.0833,0,0,0,1.92,84,1,6
1097,0,26.41667,4.38,0.03736278,136.1242,1,0,5,0.73,24,1,6
1043,1,48.66667,6,0.1770172,885.0858,1,0,3,1.5,114,1,19
837,0,23.16667,2.85,0.08745825,207.7133,1,0,1,1.425,50,0,8
114,1,32.5,10,0.03704,308.25,1,0,3,2.5,35,1,4
378,0,21.25,1.99,0.03496332,57.98083,0,0,2,0.6633334,8,1,5
1016,0,21.91667,2.4,0.2326392,465.195,1,0,1,1.2,168,1,4
636,0,57.33333,1.65,0.009515151,12.25,0,0,0,1.65,24,1,3
159,0,32.83333,2.55,0.04792941,101.6833,0,0,2,0.85,6,1,18
224,0,27.25,2.9,0.03821552,91.6875,0,0,0,2.9,9,0,3
733,0,24.25,3.75,0.09367893,292.6633,0,0,0,3.75,18,1,11
1034,1,29.41667,3.2,0.1567194,417.835,0,0,0,3.2,14,1,6
851,0,29.08333,4.01,0.002743142,8.333333,0,0,0,4.01,120,1,15
304,1,34.83333,6.5,0.1407468,762.3784,1,0,0,6.5,12,1,13
777,1,48.33333,3,0.03187233,79.17583,1,1,0,3,180,1,12
1084,0,47.16667,1.94,0.01680412,26.5,0,0,0,1.94,10,0,13
1202,0,27.58333,2.6,0.03666654,79.36083,0,0,0,2.6,168,1,5
1030,0,41.16667,3.2,0.1258194,335.435,1,0,1,1.6,168,1,22
558,0,30.41667,1.5,0.06344134,78.885,0,0,1,0.75,24,0,5
608,0,31.91667,2.7,0.1151311,258.8783,0,0,0,2.7,19,1,0
1124,0,40.16667,1.9,0.1059958,167.8267,1,0,3,0.475,108,1,17
737,1,30.58333,3.305,0.006686838,17.58333,0,0,0,3.305,19,1,12
998,0,45.66667,5.8,0.03306483,159.73,1,0,0,5.8,118,1,6
1049,0,47.16667,7,0.05167186,301.2525,1,0,1,3.5,144,1,8
462,0,40.41667,3.115,0.07675923,199.0042,1,0,1,1.5575,60,1,11
1173,0,0.5,3.05,0.1017243,258.5492,0,0,1,1.525,94,1,5
781,0,27.16667,2.6,0.8778461,1902,0,0,0,2.6,4,1,7
869,0,26.83333,2.32,0.007586207,14,0,0,0,2.32,2,1,0
599,1,43.58333,2.77,0.04364765,100.3367,1,0,0,2.77,44,1,14
543,1,41.41667,2.5,0.07657401,159.1958,0,1,2,0.8333333,131,0,3
344,0,23.83333,2.6,0.1539746,333.6117,0,0,0,2.6,6,1,0
1197,0,23.33333,1.85,0.06057946,93.31,0,0,0,1.85,4,1,1
891,0,29.25,2.51,0.04510837,94.26833,0,0,1,1.255,12,0,0
674,0,19.5,2.98,0.0004026846,0,0,0,0,2.98,18,1,0
1026,0,31.16667,2,0.1235615,205.9358,1,0,1,1,42,0,6
218,0,24.83333,2.48,0.1313552,271.4675,0,0,0,2.48,18,1,0
37,0,62.5,2.6545,0.1037453,229.4933,0,0,0,2.6545,100,1,1
1112,0,30.66667,3.15,0.06829016,179.1783,1,0,1,1.575,19,1,9
1022,0,34.75,2,0.0033,4.583333,1,0,2,0.6666666,38,1,6
1145,0,37.08333,5.2,0.05915846,256.1867,0,0,0,5.2,12,0,0
1214,1,49.16667,3.7,0.143523,442.4458,0,0,4,0.74,216,1,11
481,0,26.08333,2.3,0.03560869,67.66666,0,0,0,2.3,24,1,0
494,0,30.16667,2.19,0.4874438,889.585,0,0,0,2.19,6,1,0
992,0,51.66667,2.5,0.0193976,39.91167,1,0,0,2.5,138,0,3
944,0,34.83333,3.6,0.03882722,116.315,1,1,4,0.72,48,1,8
125,0,54.75,3.4,0.07603735,215.4392,0,0,1,1.7,12,1,7
1258,0,30.66667,2.5,0.0611788,127.3725,1,0,1,1.25,24,1,23
721,0,25.75,4,0.026998,89.82667,0,0,0,4,60,0,5
396,0,40.75,4.8,0.1537802,615.1208,1,0,3,1.2,122,1,17
702,0,31.75,2.007,0.09045292,151.0325,0,0,1,1.0035,4,1,0
870,1,38.58333,4,0.1139598,379.8658,0,0,0,4,120,1,8
923,0,22.08333,1.65,0.04985151,68.54583,0,0,0,1.65,36,1,3
1203,0,27.16667,2.5,0.0887728,184.9433,0,0,0,2.5,12,1,8
646,0,32,3.65,0.006082192,17.66667,1,0,2,1.216667,20,1,17
1094,0,31.33333,2.2,0.04216182,77.04667,1,0,2,0.7333333,17,1,16
740,0,25.41667,1.56,0.1660628,215.8817,0,0,0,1.56,12,1,0
1019,0,45.83333,3.48,0.06486379,188.105,1,1,1,1.74,16,1,21
982,0,24.08333,2.3,0.03099,59.1475,0,0,0,2.3,12,1,0
1234,0,55.16667,6.7,0.03858522,214.9342,1,0,1,3.35,300,1,13
1226,0,27.75,2.2,0.1403464,257.3017,0,0,0,2.2,3,0,1
1130,0,25.25,2.16,0.02055556,36.33333,0,0,0,2.16,38,0,2
833,0,23.83333,2.97,0.08264108,204.5367,0,0,0,2.97,4,1,7
845,0,23.75,3,0.1172833,293.0417,0,0,0,3,14,1,0
1132,1,40.83333,3.73,0.05783512,179.7708,1,0,1,1.865,151,1,7
1153,0,24.83333,2.7,0.1720774,387.1742,0,0,1,1.35,18,1,4
664,0,27.83333,5,0.0289768,120.4033,1,0,1,2.5,24,1,0
450,0,26.83333,2.1,0.0005714286,0,0,0,2,0.7,30,1,18
331,0,32.66667,3.6,0.001833333,4.583333,0,0,0,3.6,25,1,2
645,0,43.66667,3,0.02302267,57.30667,1,0,1,1.5,3,1,5
1216,0,22.41667,1.95,0.03733385,60.58417,0,0,0,1.95,3,1,0
294,0,24.83333,2.1,0.1375624,240.4842,0,0,1,1.05,24,1,5
504,0,22.91667,1.56,0.09851731,128.0725,1,0,0,1.56,6,0,7
947,0,42.08333,2.68,0.1430284,319.43,0,0,1,1.34,84,1,0
1139,1,40.41667,3.3,0.03977939,108.9767,0,0,1,1.65,58,1,14
595,0,24.16667,2.51,0.1149625,240.38,0,0,0,2.51,10,1,12
60,0,51.33333,4.53,0.0121468,45.35417,1,0,4,0.906,126,0,5
14,0,31.25,4.2,0.04768381,166.7267,1,0,0,4.2,53,1,0
352,1,40.5,2.25,0.02382222,44,0,0,0,2.25,86,1,10
380,0,25.41667,2.1,0.04128572,71.66666,1,0,0,2.1,44,1,5
1106,0,25.33333,3,0.1900073,475.0183,0,0,0,3,10,0,0
1161,0,39.16667,3.12,0.02673974,69.27333,1,1,2,1.04,66,1,5
879,0,27.33333,2.15,0.2703846,484.4392,0,0,0,2.15,6,1,12
1200,0,39.5,9.9999,0.06579486,548.035,1,1,0,9.9999,28,1,0
637,0,29.5,2.8,0.1067854,249.1658,0,0,0,2.8,50,1,3
857,0,55.25,4.9,0.06697714,273.49,1,0,2,1.633333,96,1,17
827,0,31.08333,2.8,0.08684428,202.47,1,0,3,0.7,15,1,17
69,0,48.16667,2.3,0.2265,434.125,1,0,0,2.3,72,0,2
834,0,44,5.8,0.07990742,386.0525,1,0,4,1.16,25,1,16
87,0,21.41667,1.6,0.2893312,385.775,0,0,0,1.6,192,1,3
946,1,41.83333,5,0.1501082,625.3675,1,0,3,1.25,84,1,7
1208,0,35.91667,4.2,0.002619048,8.333333,1,0,4,0.84,59,1,13
263,0,32.58333,10,0.09980781,831.7317,1,0,3,2.5,7,1,28
5,0,28.16667,3.35,0.07162478,199.3692,1,0,0,3.35,18,1,2
910,0,28.16667,3.5,0.1119657,326.5667,1,0,2,1.166667,48,0,7
44,0,52.25,1.8744,0.0552038,85.97833,1,0,0,1.8744,250,1,4
516,0,38.16667,5.5,0.04493018,205.5133,1,0,4,1.1,99,1,9
822,0,52.41667,1.89,0.02392328,37.42916,0,0,0,1.89,240,1,6
1244,0,28.41667,2.4304,0.2284344,462.6558,1,0,2,0.8101333,29,1,17
271,0,23.16667,2.5,0.229822,478.7125,1,0,0,2.5,12,1,4
723,0,33,3.248,0.02089871,56.14917,0,0,2,1.082667,144,0,2
1008,0,23.33333,2.7,0.1686141,379.2983,0,0,0,2.7,2,1,0
759,0,22.58333,2.2,0.07661773,140.2992,0,0,0,2.2,9,1,3
25,0,33.25,2.42,0.005216942,9.854167,0,0,3,0.605,34,1,13
500,0,33.5,3.5,0.094966,276.9842,0,0,0,3.5,4,1,13
1196,0,33.25,3.18,0.3058082,810.3917,0,0,4,0.636,18,0,3
713,0,32.33333,5.1,0.101359,430.6925,1,0,0,5.1,38,1,10
680,0,21.66667,2.16,0.1106287,198.5483,1,0,0,2.16,18,1,7
